user_id,date_registered,email
0,2016-03-31 12:46:23.080993,gPeluuZB@gmail.com
1,2021-08-07 19:34:18.050615,pnYAraJP@gmail.com
2,2018-08-06 19:21:10.098256,zOfabflua@mail.ru
3,2015-03-20 08:47:54.357516,fGdwTzYOU@mail.ru
4,2018-04-20 22:49:50.523718,oKjJAmkWi@yandex.ru
5,2016-02-03 23:45:24.476135,jbUbwmbaS@yandex.ru
6,2015-09-27 01:37:58.040607,DMuPY@mail.ru
7,2016-01-07 05:36:28.920113,jZQcgV@gmail.com
8,2019-12-23 23:21:33.824203,nZvgTYdfRQS@gmail.com
9,2018-01-25 11:59:59.244779,rbpxsLbe@mail.ru
10,2015-12-14 01:01:21.147386,laDXHrEjHHr@mail.ru
11,2019-04-08 14:54:22.862118,grRwtRXWS@yandex.ru
12,2015-05-25 09:09:57.946879,oARsVLPB@yandex.ru
13,2015-07-10 22:54:36.216787,JGRaNlGhF@gmail.com
14,2017-06-26 04:07:31.459437,mLLtAvGFCM@gmail.com
15,2018-04-04 22:10:51.681566,IAlVYydXoaT@yandex.ru
16,2017-10-08 17:52:34.264874,PkxFJtUt@gmail.com
17,2020-06-28 02:11:29.270838,YsBNCxYWFj@mail.ru
18,2015-07-30 11:17:16.962609,ZIPElWmSK@yandex.ru
19,2021-10-15 05:50:11.757181,UOVMdDG@yandex.ru
20,2017-10-18 21:55:54.986837,HdDuVB@gmail.com
21,2021-12-15 15:45:30.267248,bZkGlvGg@gmail.com
22,2018-01-20 10:11:37.163150,jUASvaMHJ@yandex.ru
23,2016-11-15 05:54:14.914071,vzoNlkXqX@yandex.ru
24,2021-10-15 19:01:21.096117,ktCRwmCnV@gmail.com
25,2015-05-03 16:34:57.408516,yMzbDy@yandex.ru
26,2018-12-20 03:48:10.107157,JLLJuByC@mail.ru
27,2018-02-07 04:27:40.332926,yPBMq@mail.ru
28,2019-03-18 05:25:38.068944,LKZvbejxu@mail.ru
29,2020-07-12 23:11:10.407384,wuIfZOY@mail.ru
30,2017-04-22 18:28:39.112101,UyrnNbKkiz@yandex.ru
31,2019-06-06 09:33:12.525373,roNCtKAvhWl@gmail.com
32,2018-03-31 22:27:39.947151,CIZJYbLliNj@yandex.ru
33,2020-11-24 08:53:02.083339,fZzrF@mail.ru
34,2021-05-20 12:10:48.504038,ZVfZNe@yandex.ru
35,2015-02-13 20:52:47.897131,bzKPf@gmail.com
36,2021-05-24 20:24:59.130302,awzIW@mail.ru
37,2020-11-17 13:27:09.189650,STLUtXieLgj@yandex.ru
38,2020-03-17 14:08:24.806761,OGsyXkx@gmail.com
39,2016-10-01 19:54:21.473061,VAqHo@mail.ru
40,2016-04-15 18:56:57.826377,mqcKFoR@gmail.com
41,2015-03-31 18:32:49.361780,tSciL@yandex.ru
42,2017-04-14 18:16:51.681722,LRERGDZXXTY@gmail.com
43,2017-06-29 14:21:26.364471,UZgPvaPpdDi@mail.ru
44,2015-08-04 13:48:16.521529,qujPKyp@mail.ru
45,2018-01-11 21:17:40.498228,IWZrZOzMOT@mail.ru
46,2018-05-12 22:46:35.939070,dQdtVtPdD@mail.ru
47,2018-10-18 08:23:43.807320,WRLmxenz@mail.ru
48,2015-10-22 15:16:09.527559,VSTqLUK@mail.ru
49,2020-09-05 06:28:16.328287,itMUk@gmail.com
